{"419381841464655872": {"What's your fursona's name?": "Kiyoshi", "What's your fursona's species?": "wolf", "What's your fursona's age?": "29", "Please write a brief bio for your fursona:": "Just a regular mechanic wolf who likes video games, working out and the outdoors", "image_url": "https://cdn.discordapp.com/attachments/1342930142523035730/1342936886167081060/FD91821B-97DD-446F-97E0-72C50AE7BD0D.png?ex=67bb72f0&is=67ba2170&hm=827df728b873d40ab59d44171ef590a891861eb96a2d126343fe4c7ec29840ba&"}}